appendix;page;row_num;plot_num_plan;cadastral_number;storeys;address;area_cadastral_m2;area_preliminary_m2;area_use_right_m2;area_withdrawal_m2;land_category;land_use_type;notes;restrictions;easement_area_m2;compensation_sum
3;46;1;1;90:18:010182:307;Муниципальная/Аренда;Республика Крым, г Евпатория, Симферопольское шоссе, 10 км;3500.0;3500.0;3500.0;;Земли населенных пунктов;Отдых (рекреация);;90:18:000000:81 Нежилое здание;67.0;Частная
3;46;2;2;90:11:130701:1079;Частная;Республика Крым, Сакский р-н, Лесновский с/с, уч 17;1000.0;1000.0;1000.0;;Земли сельскохозяйственного назначения;Ведения дачного хозяйства;;;;
3;46;3;3;90:11:130701:1105;Частная;Республика Крым, Сакский р-н, Лесновский с/с, уч 34;1000.0;1000.0;1000.0;;Земли сельскохозяйственного назначения;Ведения садоводства;;90:11:130701:3311 Жилой дом;23.5;Частная
3;46;4;4;90:11:130701:1131;Сведения отсутствуют;Республика Крым, Сакский р-н, Лесновский с/с, уч 38;1000.0;1000.0;1000.0;;Земли сельскохозяйственного назначения;Ведения дачного хозяйства;;;;
3;46;5;5;90:11:130701:114;Частная;Республика Крым, Сакский район, на территории Лесновского сельского совета, индивидуальный участок № 177;1000.0;1000.0;1000.0;;Земли сельскохозяйственного назначения;Размещение дачных домов и садовых домов;;;;
3;46;6;6;90:11:130701:1208;Частная;Республика Крым, Сакский р-н, Лесновский с/с, уч 60;1000.0;1000.0;1000.0;;Земли сельскохозяйственного назначения;Ведения дачного хозяйства;;;;
3;46;7;7;90:11:130701:1281;Частная;Республика Крым, Сакский р-н, Лесновский с/с, уч 58;1000.0;1000.0;1000.0;;Земли сельскохозяйственного назначения;Ведения дачного хозяйства;;;;
3;46;8;8;90:11:130701:1291;Частная;Республика Крым, Сакский р-н, Лесновский с/с, уч 157;1000.0;1000.0;1000.0;;Земли сельскохозяйственного назначения;Ведения дачного хозяйства;;;;
3;46;9;9;90:11:130701:1316;Частная;Республика Крым, Сакский р-н, Лесновский с/с, уч 4;1000.0;1000.0;1000.0;;Земли сельскохозяйственного назначения;Ведения дачного хозяйства;;;;
3;46;10;10;90:11:130701:1326;Частная;Российская Федерация, Республика Крым, Сакский муниципальный район, Лесновское сельское поселение, село Прибрежное, улица Дачная, земельный участок 182;1000.0;1000.0;1000.0;;Земли сельскохозяйственного назначения;Ведение садоводства;;;;
3;46;11;11;90:11:130701:170;Частная;Республика Крым, муниципальный район Сакский, сельское поселение Лесновское, село Прибрежное, улица Дачная, земельный участок 170;1000.0;1000.0;1000.0;;Земли сельскохозяйственного назначения;Ведение садоводства;;;;
3;46;12;12;90:11:130701:171;Частная;Республика Крым, Сакский район, на территории Лесновского сельского совета, индивидуальный участок №2;1000.0;1000.0;1000.0;;Земли сельскохозяйственного назначения;Размещение дачных домов и садовых домов;;;;
3;46;13;13;90:11:130701:18;Частная;Республика Крым, Сакский район, на территории Лесновского сельского совета, индивидуальный участок № 23;1000.0;1000.0;1000.0;;Земли сельскохозяйственного назначения;Размещение дачных домов и садовых домов;;;;
3;46;14;14;90:11:130701:182;Частная;Республика Крым, Сакский район, на территории Лесновского сельского совета, земельный участок № 13;1000.0;1000.0;1000.0;;Земли сельскохозяйственного назначения;Размещение дачных домов и садовых домов;;;;
3;46;15;15;90:11:130701:184;Частная;Республика Крым, р-н Сакский, на терриитории Лесновского сельского совета, индивидуальный участок №8;1000.0;1000.0;1000.0;;Земли сельскохозяйственного назначения;Размещение дачных домов и садовых домов;;;;
3;46;16;16;90:11:130701:19;Частная;Республика Крым, Сакский район, на территории Лесновского сельского совета, индивидуальный участок № 159;1000.0;1000.0;1000.0;;Земли сельскохозяйственного назначения;Размещение дачных домов и садовых домов;;;;
3;46;17;17;90:11:130701:20;Частная;Республика Крым, Сакский район, на территории Лесновского сельского совета, индивидуальный участок 25;1000.0;1000.0;1000.0;;Земли сельскохозяйственного назначения;Размещение дачных домов и садовых домов;;;;
3;46;18;18;90:11:130701:211;Частная;Республика Крым, р-н Сакский, на территории Лесновского сельского совета, индивидуальный участок №143;1000.0;1000.0;1000.0;;Земли сельскохозяйственного назначения;Размещение дачных домов и садовых домов;;;;
3;46;19;19;90:11:130701:232;Частная;Республика Крым, Сакский район,на территории Лесновского сельскго совета, индивидуальный участок № 59;1000.0;1000.0;1000.0;;Земли сельскохозяйственного назначения;Размещение дачных домов и садовых домов;;;;
3;46;20;20;90:11:130701:2440;Частная;Республика Крым, Сакский р-н, Лесновский с/с;625.0;625.0;625.0;;Земли сельскохозяйственного назначения;Ведение личного подсобного хозяйства на полевых участках;;;;
3;46;21;21;90:11:130701:2448;Частная;Республика Крым, Сакский р-н, Лесновский с/с;625.0;625.0;625.0;;Земли сельскохозяйственного назначения;Ведение личного подсобного хозяйства на полевых участках;;;;
3;46;22;22;90:11:130701:2449;Частная;Республика Крым, Сакский р-н, Лесновский с/с;625.0;625.0;625.0;;Земли сельскохозяйственного назначения;Ведение личного подсобного хозяйства на полевых участках;;;;
3;46;23;23;90:11:130701:2450;Частная;Республика Крым, Сакский р-н, Лесновский с/с;625.0;625.0;625.0;;Земли сельскохозяйственного назначения;Ведение личного подсобного хозяйства на полевых участках;;;;
3;47;24;24;90:11:130701:2451;Частная;Республика Крым, Сакский р-н, Лесновский с/с;625.0;625.0;625.0;;Земли сельскохозяйственного назначения;Ведение личного подсобного хозяйства на полевых участках;;;;
3;47;25;25;90:11:130701:2452;Частная;Республика Крым, Сакский р-н, Лесновский с/с;625.0;625.0;625.0;;Земли сельскохозяйственного назначения;Ведение личного подсобного хозяйства на полевых участках;;;;
3;47;26;26;90:11:130701:2453;Частная;Республика Крым, Сакский р-н, Лесновский с/с;625.0;625.0;625.0;;Земли сельскохозяйственного назначения;Ведение личного подсобного хозяйства на полевых участках;;;;
3;47;27;27;90:11:130701:25;Частная;Республика Крым, Сакский район, село Прибрежное, улица Дачная, 168;1000.0;1000.0;1000.0;;Земли сельскохозяйственного назначения;Размещение дачных домов и садовых домов;;90:11:130701:2193 Жилой дом;64.4;Частная
3;47;28;28;90:11:130701:2570;Частная;Республика Крым, Сакский район, Лесновский сельский совет, за границами населённого пункта;400.0;400.0;400.0;;Земли сельскохозяйственного назначения;Ведение личного подсобного хозяйства на полевых участках;;;;
3;47;29;29;90:11:130701:2571;Частная;Республика Крым, Сакский район, Лесновский сельский совет, за границами населённого пункта;400.0;400.0;400.0;;Земли сельскохозяйственного назначения;Ведение личного подсобного хозяйства на полевых участках;;;;
3;47;30;30;90:11:130701:2572;Частная;Республика Крым, Сакский район, Лесновский сельский совет, за границами населённого пункта;400.0;400.0;400.0;;Земли сельскохозяйственного назначения;Ведение личного подсобного хозяйства на полевых участках;;;;
3;47;31;31;90:11:130701:2573;Частная;Республика Крым, Сакский район, Лесновский сельский совет, за границами населённого пункта;400.0;400.0;400.0;;Земли сельскохозяйственного назначения;Ведение личного подсобного хозяйства на полевых участках;;;;
3;47;32;32;90:11:130701:2581;Частная;Республика Крым, Сакский район, Лесновский сельский совет, за границами населённого пункта;400.0;400.0;400.0;;Земли сельскохозяйственного назначения;Ведение личного подсобного хозяйства на полевых участках;;;;
3;47;33;33;90:11:130701:2588;Частная;Республика Крым, Сакский район, Лесновский сельский совет, за границами населённого пункта;400.0;400.0;400.0;;Земли сельскохозяйственного назначения;Ведение личного подсобного хозяйства на полевых участках;;;;
3;47;34;34;90:11:130701:2589;Частная;Республика Крым, Сакский район, Лесновский сельский совет, за границами населённого пункта;400.0;400.0;400.0;;Земли сельскохозяйственного назначения;Ведение личного подсобного хозяйства на полевых участках;;;;
3;47;35;35;90:11:130701:2590;Частная;Республика Крым, Сакский район, Лесновский сельский совет, за границами населённого пункта;400.0;400.0;400.0;;Земли сельскохозяйственного назначения;Ведение личного подсобного хозяйства на полевых участках;;;;
3;47;36;36;90:11:130701:2591;Частная;Республика Крым, Сакский район, Лесновский сельский совет, за границами населённого пункта;400.0;400.0;400.0;;Земли сельскохозяйственного назначения;Ведение личного подсобного хозяйства на полевых участках;;;;
3;47;37;37;90:11:130701:2592;Частная;Республика Крым, Сакский район, Лесновский сельский совет, за границами населённого пункта;400.0;400.0;400.0;;Земли сельскохозяйственного назначения;Ведение личного подсобного хозяйства на полевых участках;;;;
3;47;38;38;90:11:130701:2593;Частная;Республика Крым, Сакский район, Лесновский сельский совет, за границами населённого пункта;400.0;400.0;400.0;;Земли сельскохозяйственного назначения;Ведение личного подсобного хозяйства на полевых участках;;;;
3;47;39;39;90:11:130701:2594;Частная;Республика Крым, Сакский район, Лесновский сельский совет, за границами населённого пункта;400.0;400.0;400.0;;Земли сельскохозяйственного назначения;Ведение личного подсобного хозяйства на полевых участках;;;;
3;47;40;40;90:11:130701:2618;Частная;Республика Крым, р-н Сакский, Лесновский с/с, уч 3, за пределами населенного пункта;600.0;600.0;600.0;;Земли сельскохозяйственного назначения;Ведение личного подсобного хозяйства на полевых участках;;;;
3;47;41;41;90:11:130701:2626;Частная;Республика Крым, р-н Сакский, Лесновский с/с, уч 3, за пределами населенного пункта;600.0;600.0;600.0;;Земли сельскохозяйственного назначения;Ведение личного подсобного хозяйства на полевых участках;;;;
3;47;42;42;90:11:130701:2627;Частная;Республика Крым, р-н Сакский, Лесновский с/с, уч 3, за пределами населенного пункта;600.0;600.0;600.0;;Земли сельскохозяйственного назначения;Ведение личного подсобного хозяйства на полевых участках;;;;
3;47;43;43;90:11:130701:2628;Частная;Республика Крым, р-н Сакский, Лесновский с/с, уч 3, за пределами населенного пункта;600.0;600.0;600.0;;Земли сельскохозяйственного назначения;Ведение личного подсобного хозяйства на полевых участках;;;;
3;47;44;44;90:11:130701:2629;Частная;Республика Крым, р-н Сакский, Лесновский с/с, уч 3, за пределами населенного пункта;600.0;600.0;600.0;;Земли сельскохозяйственного назначения;Ведение личного подсобного хозяйства на полевых участках;;;;
3;47;45;45;90:11:130701:2630;Частная;Республика Крым, р-н Сакский, Лесновский с/с, уч 3, за пределами населенного пункта;600.0;600.0;600.0;;Земли сельскохозяйственного назначения;Ведение личного подсобного хозяйства на полевых участках;;;;
3;47;46;46;90:11:130701:2631;Частная;Республика Крым, р-н Сакский, Лесновский с/с, уч 3, за пределами населенного пункта;600.0;600.0;600.0;;Земли сельскохозяйственного назначения;Ведение личного подсобного хозяйства на полевых участках;;;;
3;47;47;47;90:11:130701:2632;Частная;Республика Крым, р-н Сакский, Лесновский с/с, уч 3, за пределами населенного пункта;802.0;802.0;802.0;;Земли сельскохозяйственного назначения;Ведение личного подсобного хозяйства на полевых участках;;;;
3;47;48;48;90:11:130701:2660;Частная;Республика Крым, Сакский р-н, Лесновский с/с, уч 6, за пределами населенного пункта;652.0;652.0;652.0;;Земли сельскохозяйственного назначения;Ведение личного подсобного хозяйства на полевых участках;;;;
3;47;49;49;90:11:130701:2662;Частная;Республика Крым, Сакский р-н, Лесновский с/с, уч 6, за пределами населенного пункта;600.0;600.0;600.0;;Земли сельскохозяйственного назначения;Ведение личного подсобного хозяйства на полевых участках;;;;
3;47;50;50;90:11:130701:2663;Частная;Республика Крым, Сакский р-н, Лесновский с/с, уч 6, за пределами населенного пункта;600.0;600.0;600.0;;Земли сельскохозяйственного назначения;Ведение личного подсобного хозяйства на полевых участках;;;;
3;48;51;51;90:11:130701:2669;Частная;Республика Крым, Сакский р-н, Лесновский с/с, уч 6, за пределами населенного пункта;600.0;600.0;600.0;;Земли сельскохозяйственного назначения;Ведение личного подсобного хозяйства на полевых участках;;;;
3;48;52;52;90:11:130701:2670;Частная;Республика Крым, Сакский р-н, Лесновский с/с, уч 6, за пределами населенного пункта;600.0;600.0;600.0;;Земли сельскохозяйственного назначения;Ведение личного подсобного хозяйства на полевых участках;;;;
3;48;53;53;90:11:130701:2673;Частная;Республика Крым, Сакский р-н, Лесновский с/с, уч 6, за пределами населенного пункта;600.0;600.0;600.0;;Земли сельскохозяйственного назначения;Ведение личного подсобного хозяйства на полевых участках;;;;
3;48;54;54;90:11:130701:280;Частная;Республика Крым, Сакский район, на территории Лесновского сельского совета, индивидуальный участок № 62;1000.0;1000.0;1000.0;;Земли сельскохозяйственного назначения;Размещение дачных домов и садовых домов;;;;
3;48;55;55;90:11:130701:378;Частная;Республика Крым, район Сакский, село Прибрежное, улица Дачная, 172;1000.0;1000.0;1000.0;;Земли населенных пунктов;Размещение дачных домов и садовых домов;;90:11:130701:2225 Жилой дом;38.7;Частная
3;48;56;56;90:11:130701:440;Частная;Российская Федерация, Республика Крым, Сакский муниципальный район, Лесновское сельское поселение, село Прибрежное, улица Дачная, земельный участок 164;1000.0;1000.0;1000.0;;Земли сельскохозяйственного назначения;Размещение дачных домов и садовых домов;;;;
3;48;57;57;90:11:130701:45;Частная;Республика Крым, р-н Сакский, на территории Лесновского сельского совета, индивидуальный участок № 21;1000.0;1000.0;1000.0;;Земли сельскохозяйственного назначения;Размещение дачных домов и садовых домов;;;;
3;48;58;58;90:11:130701:667;Частная;Республика Крым, р-н Сакский, на территории Лесновского сельского совета;1000.0;1000.0;1000.0;;Земли сельскохозяйственного назначения;Ведение дачного хозяйства;;;;
3;48;59;59;90:11:130701:679;Частная;Российская Федерация, Республика Крым, муниципальный район Сакский, сельское поселение Лесновское, село Прибрежное, улица Дачная, земельный участок 176;1000.0;1000.0;1000.0;;Земли сельскохозяйственного назначения;Ведение дачного хозяйства;;90:11:130701:2469 Жилой дом;97.1;Частная
3;48;60;60;90:11:130701:92;Частная;Республика Крым, Сакский район, на территории Лесновского сельского совета, индивидуальный земельный участок № 178;1000.0;1000.0;1000.0;;Земли сельскохозяйственного назначения;Размещение дачных домов и садовых домов;;;;
3;48;61;61;90:18:010175:107;Сведения отсутствуют;Республика Крым, Евпатория г, Эскадронная ул;11.0;11.0;11.0;;Земли населенных пунктов;Предпринимательство;;;;
3;48;62;62;90:11:130701:1308;Частная;Республика Крым, Сакский р-н, Лесновский с/с, уч 11;1000.0;1000.0;1000.0;;Земли сельскохозяйственного назначения;Ведения дачного хозяйства;;;;
3;48;63;63;90:11:130701:1314;Сведения отсутствуют;Республика Крым, Сакский р-н, Лесновский с/с, уч 6;1000.0;1000.0;1000.0;;Земли сельскохозяйственного назначения;Ведения дачного хозяйства;;;;
3;48;64;64;90:11:130701:2454;Частная;Республика Крым, Сакский р-н, Лесновский с/с;625.0;625.0;625.0;;Земли сельскохозяйственного назначения;Ведение личного подсобного хозяйства на полевых участках;;;;
3;48;65;65;90:11:130701:2674;Частная;Республика Крым, Сакский р-н, Лесновский с/с, уч 6, за пределами населенного пункта;600.0;600.0;600.0;;Земли сельскохозяйственного назначения;Ведение личного подсобного хозяйства на полевых участках;;;;
3;48;66;66;90:11:130701:1190;Частная;Республика Крым, Сакский р-н, Лесновский с/с, уч 56;1000.0;1000.0;1000.0;;Земли сельскохозяйственного назначения;Ведения дачного хозяйства;;;;
3;48;67;68;90:18:010176:72;Муниципальная/Аренда;Республика Крым, Евпатория г, Симферопольская ул, уч 1;7837.0;385.0;385.0;;Земли населенных пунктов;Туристическое обслуживание;;;;
3;48;68;69;90:18:010176:78;Муниципальная/Аренда;Республика Крым, Евпатория г, Симферопольская ул, уч 2Ч;3427.0;155.0;155.0;;Земли населенных пунктов;Туристическое обслуживание;;90:18:010179:2061 Нежилое здание;4343.2;Сведения отсутствуют
3;48;69;70;90:18:010176:81;Муниципальная/Аренда;Республика Крым, Евпатория г, Симферопольская ул, д 2Ц;7702.0;2220.0;2220.0;;Земли населенных пунктов;Туристическое обслуживание;;"90:18:010179:2159, 90:18:010179:2160 система электороснабжения 0,4 кВ; 90:18:000000:1451 Наружные сети газоснабжения";;Частная
3;48;70;72;90:18:010179:2176;Муниципальная/Аренда;Российская Федерация, Российская Федерация, Республика Крым, городской округ Евпатория, г. Евпатория, ул. Симферопольская;4726.0;528.0;528.0;;Земли населенных пунктов;Туристическое обслуживание;;90:18:010179:2157 ОНС;;
3;48;71;73;90:18:010179:2177;Муниципальная/Аренда;Российская Федерация, Российская Федерация, Республика Крым, городской округ Евпатория, г. Евпатория, ул. Симферопольская;10512.0;1529.0;1529.0;;Земли населенных пунктов;Туристическое обслуживание;;90:18:010179:1521 ОНС;;
3;49;72;74;90:18:010179:3;Частная;"Республика Крым,г.Евпатория,ул.Симферопольс кая, в районе железнодорожной платформы""54 км""";1000.0;145.0;145.0;;Земли населенных пунктов;"Малоэтажная жилая застройка (индивидуальное жилищное строительство; размещение дачных домов и садовых домов)";;;;
3;49;73;75;90:11:000000:220;Частная;Республика Крым, р-н Сакский, на територии Лесновского сельского совета, индивидуальный участок №134;1000.0;276.0;276.0;;Земли сельскохозяйственного назначения;Размещение дачных домов и садовых домов;;;;
3;49;74;76;90:11:000000:224;Частная;"Республика Крым, Сакский район, территория Лесновского сельского совета, западнее пансионата ""Прибрежный"", севернее полосы отвода Приднепровской железной дороги участок № 43";1000.0;1000.0;737.0;263.0;Земли сельскохозяйственного назначения;Размещение дачных домов и садовых домов;Изымается часть земельного участка за границами полосы постоянного отвода, т.к. ее размеры не удовлетворяют предельно минимальным для данного вида разрешенного использования (согласно нормам Закона Республики Крым от 15 января 2015 г. N 66-ЗРК/2015).;90:11:130701:3393 Жилой дом 90:11:130701:3392 Нежилое здание;;Частная
3;49;75;77;90:11:130701:105;Частная;Республика Крым, Сакский район, на территории Лесновского сельского совета, индивидуальный участок № 144;1000.0;1000.0;792.0;208.0;Земли сельскохозяйственного назначения;Размещение дачных домов и садовых домов;Изымается часть земельного участка за границами полосы постоянного отвода, т.к. ее размеры не удовлетворяют предельно минимальным для данного вида разрешенного использования (согласно нормам Закона Республики Крым от 15 января 2015 г. N 66-ЗРК/2015).;;;
3;49;76;78;90:11:130701:633;Частная;Республика Крым, р-н Сакский, на территории Лесновского сельского совета, индивидуальный участок 65;1000.0;1000.0;842.0;158.0;Земли сельскохозяйственного назначения;Ведение дачного хозяйства;Изымается часть земельного участка за границами полосы постоянного отвода, т.к. ее размеры не удовлетворяют предельно минимальным для данного вида разрешенного использования (согласно нормам Закона Республики Крым от 15 января 2015 г. N 66-ЗРК/2015).;;;
3;49;77;79;90:11:130701:1071;Частная;Республика Крым, Сакский р-н, Лесновский с/с, уч 175;1000.0;70.0;70.0;;Земли сельскохозяйственного назначения;Ведения дачного хозяйства;;;;
3;49;78;80;90:11:130701:1072;Сведения отсутствуют;Республика Крым, Сакский р-н, Лесновский с/с, уч 132;1000.0;1000.0;939.0;61.0;Земли сельскохозяйственного назначения;Ведения дачного хозяйства;Изымается часть земельного участка за границами полосы постоянного отвода, т.к. ее размеры не удовлетворяют предельно минимальным для данного вида разрешенного использования (согласно нормам Закона Республики Крым от 15 января 2015 г. N 66-ЗРК/2015).;;;
3;49;79;81;90:11:130701:1073;Частная;Республика Крым, Сакский р-н, Лесновский с/с, уч 63;1000.0;1000.0;971.0;29.0;Земли сельскохозяйственного назначения;Ведения дачного хозяйства;Изымается часть земельного участка за границами полосы постоянного отвода, т.к. ее размеры не удовлетворяют предельно минимальным для данного вида разрешенного использования (согласно нормам Закона Республики Крым от 15 января 2015 г. N 66-ЗРК/2015).;;;
3;49;80;82;90:11:130701:1087;Частная;Республика Крым, Сакский р-н, Лесновский с/с, уч 101;1000.0;76.0;76.0;;Земли сельскохозяйственного назначения;Ведения дачного хозяйства;;;;
3;49;81;83;90:11:130701:1108;Сведения отсутствуют;Республика Крым, Сакский р-н, Лесновский с/с, уч 9, за пределами населенного пункта;10000.0;4696.0;4696.0;;Земли сельскохозяйственного назначения;Ведение личного подсобного хозяйства на полевых участках;;;;
3;49;82;84;90:11:130701:1115;Сведения отсутствуют;Республика Крым, Сакский р-н, Лесновский с/с, уч 16, за пределами населенного пункта;10000.0;4320.0;4320.0;;Земли сельскохозяйственного назначения;Ведение личного подсобного хозяйства на полевых участках;;;;
3;49;83;85;90:11:130701:1129;Сведения отсутствуют;Республика Крым, Сакский р-н, Лесновский с/с, уч 40;1000.0;231.0;231.0;;Земли сельскохозяйственного назначения;Ведения дачного хозяйства;;;;
3;50;84;86;90:11:130701:1133;Частная;Республика Крым, Сакский р-н, Лесновский с/с, уч 37;1000.0;168.0;168.0;;Земли сельскохозяйственного назначения;Ведения дачного хозяйства;;;;
3;50;85;87;90:11:130701:1134;Частная;Республика Крым, Сакский р-н, Лесновский с/с, уч 35;1000.0;104.0;104.0;;Земли сельскохозяйственного назначения;Ведения дачного хозяйства;;;;
3;50;86;88;90:11:130701:115;Частная;Республика Крым, муниципальный район Сакский, сельское поселение Лесновское, село Прибрежное, улица Дачная, земельный участок 78;1000.0;1000.0;834.0;166.0;Земли сельскохозяйственного назначения;Ведение садоводства;Изымается часть земельного участка за границами полосы постоянного отвода, т.к. ее размеры не удовлетворяют предельно минимальным для данного вида разрешенного использования (согласно нормам Закона Республики Крым от 15 января 2015 г. N 66-ЗРК/2015).;90:11:130701:3092 Жилой дом;109.0;Частная
3;50;87;89;90:11:130701:1150;Частная;Российская Федерация, Республика Крым, муниципальный район Сакский, сельское поселение Лесновское, село Прибрежное, улица Дачная, земельный участок 65;1000.0;59.0;59.0;;Земли сельскохозяйственного назначения;Ведение садоводства;;90:11:130701:3852 Жилой дом;36.9;Частная
3;50;88;90;90:11:130701:1152;Частная;Республика Крым, Сакский р-н, Лесновский с/с, уч 145;1000.0;242.0;242.0;;Земли сельскохозяйственного назначения;Ведения дачного хозяйства;;;;
3;50;89;91;90:11:130701:1165;Частная;Республика Крым, Сакский р-н, Лесновский с/с, за пределами населенного пункта;1000.0;110.0;110.0;;Земли сельскохозяйственного назначения;Ведения дачного хозяйства;;;;
3;50;90;92;90:11:130701:1166;Частная;Республика Крым, Сакский р-н, Лесновский с/с, за пределами населенного пункта;1000.0;64.0;64.0;;Земли сельскохозяйственного назначения;Ведения дачного хозяйства;;;;
3;50;91;93;90:11:130701:1183;Частная;Республика Крым, Сакский р-н, Лесновский с/с, уч 139;1000.0;1000.0;620.0;380.0;Земли сельскохозяйственного назначения;Ведение садоводства;Изымается часть земельного участка за границами полосы постоянного отвода, т.к. ее размеры не удовлетворяют предельно минимальным для данного вида разрешенного использования (согласно нормам Закона Республики Крым от 15 января 2015 г. N 66-ЗРК/2015).;90:11:130701:3828 Жилой дом;54.3;Частная
3;50;92;94;90:11:130701:1184;Сведения отсутствуют;Республика Крым, Сакский р-н, Лесновский с/с, уч 66;1000.0;1000.0;758.0;242.0;Земли сельскохозяйственного назначения;Ведения дачного хозяйства;Изымается часть земельного участка за границами полосы постоянного отвода, т.к. ее размеры не удовлетворяют предельно минимальным для данного вида разрешенного использования (согласно нормам Закона Республики Крым от 15 января 2015 г. N 66-ЗРК/2015).;;;
3;50;93;95;90:11:130701:1204;Частная;Республика Крым, Сакский р-н, Лесновский с/с, уч 128;1000.0;58.0;58.0;;Земли сельскохозяйственного назначения;Ведения дачного хозяйства;;;;
3;50;94;97;90:11:130701:1242;Частная;Республика Крым, Сакский р-н, Лесновский с/с, уч 162;1000.0;1000.0;960.0;40.0;Земли сельскохозяйственного назначения;Ведение садоводства;Изымается часть земельного участка за границами полосы постоянного отвода, т.к. ее размеры не удовлетворяют предельно минимальным для данного вида разрешенного использования (согласно нормам Закона Республики Крым от 15 января 2015 г. N 66-ЗРК/2015).;;;
3;50;95;98;90:11:130701:1249;Частная;Республика Крым, Сакский р-н, Лесновский с/с, уч 48;1000.0;1000.0;847.0;153.0;Земли сельскохозяйственного назначения;Ведения дачного хозяйства;Изымается часть земельного участка за границами полосы постоянного отвода, т.к. ее размеры не удовлетворяют предельно минимальным для данного вида разрешенного использования (согласно нормам Закона Республики Крым от 15 января 2015 г. N 66-ЗРК/2015).;;;
3;51;96;99;90:11:130701:1253;Частная;Республика Крым, Сакский р-н, Лесновский с/с, уч 53;1000.0;1000.0;915.0;85.0;Земли сельскохозяйственного назначения;Ведения дачного хозяйства;Изымается часть земельного участка за границами полосы постоянного отвода, т.к. ее размеры не удовлетворяют предельно минимальным для данного вида разрешенного использования (согласно нормам Закона Республики Крым от 15 января 2015 г. N 66-ЗРК/2015).;;;
3;51;97;100;90:11:130701:1254;Сведения отсутствуют;Республика Крым, Сакский р-н, Лесновский с/с, уч 131;1000.0;59.0;59.0;;Земли сельскохозяйственного назначения;Ведения дачного хозяйства;;;;
3;51;98;101;90:11:130701:1255;Частная;Республика Крым, Сакский р-н, Лесновский с/с, уч 51;1000.0;1000.0;886.0;114.0;Земли сельскохозяйственного назначения;Ведения дачного хозяйства;Изымается часть земельного участка за границами полосы постоянного отвода, т.к. ее размеры не удовлетворяют предельно минимальным для данного вида разрешенного использования (согласно нормам Закона Республики Крым от 15 января 2015 г. N 66-ЗРК/2015).;;;
3;51;99;102;90:11:130701:1263;Частная;Российская Федерация, Республика Крым, Сакский муниципальный район, Лесновское сельское поселение, село Прибрежное, улица Дачная, земельный участок 35;1000.0;1000.0;988.0;12.0;Земли сельскохозяйственного назначения;Ведение садоводства;Изымается часть земельного участка за границами полосы постоянного отвода, т.к. ее размеры не удовлетворяют предельно минимальным для данного вида разрешенного использования (согласно нормам Закона Республики Крым от 15 января 2015 г. N 66-ЗРК/2015).;;;
3;51;100;103;90:11:130701:1264;Частная;Республика Крым, Сакский р-н, Лесновский с/с, уч 55;1000.0;1000.0;944.0;56.0;Земли сельскохозяйственного назначения;Ведения дачного хозяйства;Изымается часть земельного участка за границами полосы постоянного отвода, т.к. ее размеры не удовлетворяют предельно минимальным для данного вида разрешенного использования (согласно нормам Закона Республики Крым от 15 января 2015 г. N 66-ЗРК/2015).;;;
3;51;101;104;90:11:130701:1267;Частная;Республика Крым, Сакский р-н, Лесновский с/с, уч 54;1000.0;1000.0;929.0;71.0;Земли сельскохозяйственного назначения;Ведения дачного хозяйства;Изымается часть земельного участка за границами полосы постоянного отвода, т.к. ее размеры не удовлетворяют предельно минимальным для данного вида разрешенного использования (согласно нормам Закона Республики Крым от 15 января 2015 г. N 66-ЗРК/2015).;;;
3;51;102;105;90:11:130701:1268;Сведения отсутствуют;Республика Крым, Сакский р-н, Лесновский с/с, уч 130;1000.0;59.0;59.0;;Земли сельскохозяйственного назначения;Ведения дачного хозяйства;;;;
3;51;103;106;90:11:130701:1269;Частная;Республика Крым, Сакский р-н, Лесновское сельское поселение, Прибрежное село, Дачная улица, уч 37;1000.0;1000.0;869.0;131.0;Земли сельскохозяйственного назначения;Ведение садоводства;Изымается часть земельного участка за границами полосы постоянного отвода, т.к. ее размеры не удовлетворяют предельно минимальным для данного вида разрешенного использования (согласно нормам Закона Республики Крым от 15 января 2015 г. N 66-ЗРК/2015).;;;
3;51;104;107;90:11:130701:1270;Частная;Республика Крым, Сакский муниципальный район, Лесновское сельское поселение, Прибрежное село, Дачная улица, земельный участок 39;1000.0;1000.0;731.0;269.0;Земли сельскохозяйственного назначения;Ведение садоводства;Изымается часть земельного участка за границами полосы постоянного отвода, т.к. ее размеры не удовлетворяют предельно минимальным для данного вида разрешенного использования (согласно нормам Закона Республики Крым от 15 января 2015 г. N 66-ЗРК/2015).;90:11:130701:2845 Жилой дом;70.4;Частная
3;51;105;108;90:11:130701:1303;Частная;Российская Федерация, Республика Крым, Сакский муниципальный район, Лесновское сельское поселение, село Прибрежное, улица Дачная, земельный участок 88;1000.0;362.0;362.0;;Земли сельскохозяйственного назначения;Ведение садоводства;;;;
3;51;106;111;90:11:130701:132;Частная;Республика Крым, Сакский район, Лесновский сельский совет, за границами населенного пункта, земельный участок № 14;10000.0;4885.0;4655.0;230.0;Земли сельскохозяйственного назначения;Ведения личного подсобного хозяйства на полевых участках;Изымается часть земельного участка за границами полосы постоянного отвода, т.к. ее размеры не удовлетворяют предельно минимальным для данного вида разрешенного использования (согласно нормам Закона Республики Крым от 15 января 2015 г. N 66-ЗРК/2015).;;;
3;52;107;112;90:11:130701:1330;Частная;Республика Крым, Сакский р-н, Лесновский с/с, уч 49;1000.0;1000.0;860.0;140.0;Земли сельскохозяйственного назначения;Ведения дачного хозяйства;Изымается часть земельного участка за границами полосы постоянного отвода, т.к. ее размеры не удовлетворяют предельно минимальным для данного вида разрешенного использования (согласно нормам Закона Республики Крым от 15 января 2015 г. N 66-ЗРК/2015).;;;
3;52;108;113;90:11:130701:134;Частная;Республика Крым, р-н Сакский, с/с Лесновский;897.0;897.0;411.0;486.0;Земли сельскохозяйственного назначения;Размещение дачных домов и садовых домов;Изымается часть земельного участка за границами полосы постоянного отвода, т.к. ее размеры не удовлетворяют предельно минимальным для данного вида разрешенного использования (согласно нормам Закона Республики Крым от 15 января 2015 г. N 66-ЗРК/2015).;;;
3;52;109;115;90:11:130701:147;Частная;Российская Федерация, Республика Крым,Сакский муниципальный район, Лесновское сельское поселение, село Прибрежное, улица Дачная, земельный участок 102;1000.0;73.0;73.0;;Земли сельскохозяйственного назначения;Ведение садоводства;;;;
3;52;110;118;90:11:130701:172;Частная;Российская Федерация, Республика Крым, Сакский муниципальный район, Лесновское сельское поселение, с. Прибрежное, улица Дачная, земельный участок 100;1000.0;73.0;73.0;;Земли сельскохозяйственного назначения;Ведение садоводства;;;;
3;52;111;120;90:11:130701:177;Частная;Республика Крым, Сакский район, на территории Лесновского сельского совета, индивидуальный участок №18;1000.0;18.0;18.0;;Земли сельскохозяйственного назначения;Размещение дачных домов и садовых домов;;;;
3;52;112;122;90:11:130701:1898;Частная;Республика Крым, р-н Сакский, Лесновский сельский совет, за границами населенных пунктов;1000.0;1000.0;913.0;87.0;Земли сельскохозяйственного назначения;Сельскохозяйственное использование;Изымается часть земельного участка за границами полосы постоянного отвода, т.к. ее размеры не удовлетворяют предельно минимальным для данного вида разрешенного использования (согласно нормам Закона Республики Крым от 15 января 2015 г. N 66-ЗРК/2015).;;;
3;52;113;124;90:11:130701:1900;Частная;Республика Крым, р-н Сакский, Лесновский сельский совет, за границами населенных пунктов;1000.0;1000.0;865.0;135.0;Земли сельскохозяйственного назначения;Сельскохозяйственное использование;Изымается часть земельного участка за границами полосы постоянного отвода, т.к. ее размеры не удовлетворяют предельно минимальным для данного вида разрешенного использования (согласно нормам Закона Республики Крым от 15 января 2015 г. N 66-ЗРК/2015).;;;
3;52;114;125;90:11:130701:1901;Частная;Республика Крым, р-н Сакский, Лесновский сельский совет, за границами населенных пунктов;1000.0;1000.0;887.0;113.0;Земли сельскохозяйственного назначения;Сельскохозяйственное использование;Изымается часть земельного участка за границами полосы постоянного отвода, т.к. ее размеры не удовлетворяют предельно минимальным для данного вида разрешенного использования (согласно нормам Закона Республики Крым от 15 января 2015 г. N 66-ЗРК/2015).;;;
3;52;115;126;90:11:130701:1902;Частная;Республика Крым, р-н Сакский, Лесновский сельский совет, за границами населенных пунктов;1000.0;1000.0;876.0;124.0;Земли сельскохозяйственного назначения;Сельскохозяйственное использование;Изымается часть земельного участка за границами полосы постоянного отвода, т.к. ее размеры не удовлетворяют предельно минимальным для данного вида разрешенного использования (согласно нормам Закона Республики Крым от 15 января 2015 г. N 66-ЗРК/2015).;;;
3;52;116;127;90:11:130701:1903;Частная;Республика Крым, р-н Сакский, Лесновский сельский совет, за границами населенных пунктов;1000.0;1000.0;900.0;100.0;Земли сельскохозяйственного назначения;Сельскохозяйственное использование;Изымается часть земельного участка за границами полосы постоянного отвода, т.к. ее размеры не удовлетворяют предельно минимальным для данного вида разрешенного использования (согласно нормам Закона Республики Крым от 15 января 2015 г. N 66-ЗРК/2015).;;;
3;53;117;158;90:11:130701:2666;Частная;Республика Крым, Сакский р-н, Лесновский с/с, уч 6, за пределами населенного пункта;736.0;736.0;368.0;368.0;Земли сельскохозяйственного назначения;Ведение личного подсобного хозяйства на полевых участках;Изымается часть земельного участка за границами полосы постоянного отвода, т.к. ее размеры не удовлетворяют предельно минимальным для данного вида разрешенного использования (согласно нормам Закона Республики Крым от 15 января 2015 г. N 66-ЗРК/2015).;;;
3;53;118;159;90:11:130701:2667;Частная;Республика Крым, Сакский р-н, Лесновский с/с, уч 6, за пределами населенного пункта;760.0;760.0;380.0;380.0;Земли сельскохозяйственного назначения;Ведение личного подсобного хозяйства на полевых участках;Изымается часть земельного участка за границами полосы постоянного отвода, т.к. ее размеры не удовлетворяют предельно минимальным для данного вида разрешенного использования (согласно нормам Закона Республики Крым от 15 января 2015 г. N 66-ЗРК/2015).;;;
3;53;119;163;90:11:130701:286;Частная;Российская Федерация, Республика Крым, Сакский муниципальный район, Лесновское сельское поселение, с. Прибрежное, ул. Дачная, земельный участок №165;1000.0;111.0;111.0;;Земли сельскохозяйственного назначения;Размещение дачных домов и садовых домов;;90:11:130701:2208 Жилой дом;163.0;Частная
3;53;120;164;90:11:130701:32;Частная;Республика Крым, Сакский район, на территории Лесновского сельского совета, индивидуальный участок № 176;1000.0;91.0;91.0;;Земли сельскохозяйственного назначения;Размещение дачных домов и садовых домов;;;;
3;53;121;165;90:11:130701:346;Частная;Российская Федерация, Республика Крым, Сакский муниципальный район, Лесновское сельское поселение, село Прибрежное, улица Дачная, земельный участок 82;1000.0;1000.0;787.0;213.0;Земли сельскохозяйственного назначения;Размещение дачных домов и садовых домов;Изымается часть земельного участка за границами полосы постоянного отвода, т.к. ее размеры не удовлетворяют предельно минимальным для данного вида разрешенного использования (согласно нормам Закона Республики Крым от 15 января 2015 г. N 66-ЗРК/2015).;90:11:130701:3806 Жилой дом;53.9;Частная
3;53;122;166;90:11:130701:347;Частная;Республика Крым, муниципальный район Сакский, сельское поселение Лесновское, село Прибрежное, улица Дачная, земельный участок 80;1000.0;1000.0;812.0;188.0;Земли сельскохозяйственного назначения;Размещение дачных домов и садовых домов;Изымается часть земельного участка за границами полосы постоянного отвода, т.к. ее размеры не удовлетворяют предельно минимальным для данного вида разрешенного использования (согласно нормам Закона Республики Крым от 15 января 2015 г. N 66-ЗРК/2015).;90:11:130701:3815 Жилой дом;54.0;Частная
3;53;123;167;90:11:130701:40;Частная;Республика Крым, Сакский район, на территории Лесновского сельского совета, индивидуальный участок № 20;1000.0;45.0;45.0;;Земли сельскохозяйственного назначения;Размещение дачных домов и садовых домов;;;;
3;53;124;168;90:11:130701:41;Частная;Республика Крым, р-н Сакский, на территории Лесновского сельского совета, индивидуальный участок № 22;1000.0;63.0;63.0;;Земли сельскохозяйственного назначения;Размещение дачных домов и садовых домов;;;;
3;53;125;169;90:11:130701:438;Частная;Республика Крым, м. р-н Сакский, с.п. Лесновское, с Прибрежное, ул Дачная, з/у 104;1000.0;73.0;73.0;;Земли сельскохозяйственного назначения;Размещение дачных домов и садовых домов;;;;
3;53;126;170;90:11:130701:439;Частная;Российская Федерация, Республика Крым, Сакский муниципальный район, Лесновское сельское поселение, с. Прибрежное, ул. Дачная, земельный участок 106;1000.0;72.0;72.0;;Земли сельскохозяйственного назначения;Размещение дачных домов и садовых домов;;;;
3;54;127;171;90:11:130701:50;Частная;Республика Крым, р-н Сакский, Лесновский сельский совет, за границами населенного пункта;897.0;897.0;349.0;548.0;Земли сельскохозяйственного назначения;Размещение дачных домов и садовых домов;Изымается часть земельного участка за границами полосы постоянного отвода, т.к. ее размеры не удовлетворяют предельно минимальным для данного вида разрешенного использования (согласно нормам Закона Республики Крым от 15 января 2015 г. N 66-ЗРК/2015).;;;
3;54;128;172;90:11:130701:509;Частная;Республика Крым, Сакский р-н, Лесновский сельский совет, Прибрежное село, Дачная улица, земельный участок 40;1000.0;1000.0;919.0;81.0;Земли сельскохозяйственного назначения;Ведение дачного хозяйства;Изымается часть земельного участка за границами полосы постоянного отвода, т.к. ее размеры не удовлетворяют предельно минимальным для данного вида разрешенного использования (согласно нормам Закона Республики Крым от 15 января 2015 г. N 66-ЗРК/2015).;;;
3;54;129;173;90:11:130701:54;Частная;Республика Крым, Сакского района, на территории Лесновского сельского совета, индивидуальный участок № 133;1000.0;304.0;304.0;;Земли сельскохозяйственного назначения;Размещение дачных домов и садовых домов;;;;
3;54;130;174;90:11:130701:600;Частная;Республика Крым, Сакский район, на территории Лесновского сельского совета, индивидуальный участок № 50;1000.0;1000.0;873.0;127.0;Земли сельскохозяйственного назначения;Ведение дачного хозяйства;Изымается часть земельного участка за границами полосы постоянного отвода, т.к. ее размеры не удовлетворяют предельно минимальным для данного вида разрешенного использования (согласно нормам Закона Республики Крым от 15 января 2015 г. N 66-ЗРК/2015).;;;
3;54;131;175;90:11:130701:634;Частная;Республика Крым, р-н Сакский, на территории Лесновского сельского совета, индивидуальный участок №52;1000.0;1000.0;900.0;100.0;Земли сельскохозяйственного назначения;Ведение дачного хозяйства;Изымается часть земельного участка за границами полосы постоянного отвода, т.к. ее размеры не удовлетворяют предельно минимальным для данного вида разрешенного использования (согласно нормам Закона Республики Крым от 15 января 2015 г. N 66-ЗРК/2015).;;;
3;54;132;176;90:11:130701:728;Частная;Республика Крым, Сакский р-н, Лесновский с/с, уч 137;1000.0;1000.0;426.0;574.0;Земли сельскохозяйственного назначения;Ведения дачного хозяйства;Изымается часть земельного участка за границами полосы постоянного отвода, т.к. ее размеры не удовлетворяют предельно минимальным для данного вида разрешенного использования (согласно нормам Закона Республики Крым от 15 января 2015 г. N 66-ЗРК/2015).;;;
3;54;133;177;90:11:130701:73;Частная;Республика Крым, р-н Сакский, Лесновский сельский совет, за границами населенного пункта;897.0;287.0;287.0;;Земли сельскохозяйственного назначения;Размещение дачных домов и садовых домов;;;;
3;54;134;178;90:11:130701:98;Частная;Республика Крым, на территории Лесновского сельского совета Сакского района, индивидуальный участок № 135;1000.0;303.0;303.0;;Земли сельскохозяйственного назначения;Размещение дачных домов и садовых домов;;;;
3;54;135;179;90:11:220301:545;Частная;Республика Крым, р-н Сакский, на территории Лесновского сельского совета;1000.0;352.0;352.0;;Земли сельскохозяйственного назначения;Размещение дачных домов и садовых домов;;;;
3;54;136;180;90:18:010179:20;Муниципальная/Аренда;"Республика Крым, г Евпатория, Симферопольское шоссе, между ""Аквапарком"" и развлекательным комплексом ""Солнышко""";171558.0;10026.0;10026.0;;Земли населенных пунктов;Туристическое обслуживание;;"90:18:010181:4 Нежилое здание; 90:18:010181:5 Нежилое здание";;Частная
3;54;137;181;90:18:000000:1449;Муниципальная/Аренда;Российская Федерация, Российская Федерация, Республика Крым, городской округ Евпатория, г. Евпатория, ул. Симферопольская;3846.0;379.0;379.0;;Земли населенных пунктов;Туристическое обслуживание;;;;
3;54;138;182;90:18:010176:79;Муниципальная/Аренда;Российская Федерация, Республика Крым, городской округ Евпатория, город Евпатория, улица Симферопольская, земельный участок 2х;10780.0;1418.0;1418.0;;Земли населенных пунктов;Туристическое обслуживание;;"90:18:000000:1451 Наружные сети газоснабжения; 90:18:000000:1272 Кабельная линия 10 кВ.";;Частная
3;54;139;183;90:18:000000:1418;Муниципальная/Аренда;Российская Федерация, Российская Федерация, Республика Крым, городской округ Евпатория, г. Евпатория, ул. Симферопольская;16146.0;1451.0;1451.0;;Земли населенных пунктов;Туристическое обслуживание;;;;
3;55;140;184;90:18:000000:710;Муниципальная/Аренда;Республика Крым, Евпатория г, Эскадронная ул, 4;4581.0;2366.0;2366.0;;Земли населенных пунктов;Железнодорожный транспорт, земельные участки (территории) общего пользования;;;;
3;55;141;185;90:18:000000:858;Муниципальная/Оператив ное управление;Республика Крым, Евпатория г, Революции ул;32187.0;1969.0;1969.0;;Земли населенных пунктов;Земельные участки (территории) общего пользования;;"90:18:000000:1529 Трамвайные пути маршрута №1; 90:18:000000:1530 Контактная сеть трамвайного пути маршрута №1";;Муниципальная
3;55;142;193;90:18:000000:1552;Муниципальная;Российская Федерация, Республика Крым, г Евпатория;3887.0;49.0;49.0;;Земли населенных пунктов;Гидротехнические сооружения;;90:00:000000:653 Инженерная защита от подтопления г. Евпатории и сел Сакского района (1-я очередь);;Государственная/Оперативное управление
3;55;143;194;90:18:000000:670;Федеральная;Республика Крым, Евпатория г;862991.0;85191.0;85191.0;;Земли населенных пунктов;Железнодорожный транспорт;;90:18:000000:1272 Кабельная линия 10 кВ.;;"Государственная; Частная"
3;55;144;195;90:18:010182:598;Федеральная;Республика Крым, Евпатория г;505.0;238.0;238.0;;Земли населенных пунктов;Железнодорожный транспорт;;;;
3;55;145;196;90:11:130701:650;Частная;Республика Крым, Сакский район, на территории Лесновского сельского совета, индивидуальный участок № 164;1000.0;1000.0;628.0;372.0;Земли сельскохозяйственного назначения;Ведение дачного хозяйства;Изымается часть земельного участка за границами полосы постоянного отвода, т.к. ее размеры не удовлетворяют предельно минимальным для данного вида разрешенного использования (согласно нормам Закона Республики Крым от 15 января 2015 г. N 66-ЗРК/2015).;;;
